<SfDataGrid xmlns="http://schemas.datacontract.org/2004/07/Syncfusion.UI.Xaml.Grid" xmlns:i="http://www.w3.org/2001/XMLSchema-instance"><AllowDraggingColumns>true</AllowDraggingColumns><AllowFiltering>true</AllowFiltering><AllowGrouping>true</AllowGrouping><AllowResizingColumns>true</AllowResizingColumns><AllowSort>true</AllowSort><ColumnSizer>Auto</ColumnSizer><Columns><GridColumn i:type="GridTemplateColumn"><AllowBlankFilters>true</AllowBlankFilters><AllowFocus>true</AllowFocus><FilterRowCondition>Equals</FilterRowCondition><FilterRowEditorType>TextBlock</FilterRowEditorType><FilteredFrom>None</FilteredFrom><GridValidationMode>None</GridValidationMode><HeaderText>Selected</HeaderText><HorizontalHeaderContentAlignment>Center</HorizontalHeaderContentAlignment><MappingName>Selected</MappingName><MaximumWidth>NaN</MaximumWidth><MinimumWidth>NaN</MinimumWidth><Width>30</Width><HorizontalAlignment>Center</HorizontalAlignment><VerticalAlignment>Center</VerticalAlignment></GridColumn><GridColumn i:type="GridTextColumn"><AllowBlankFilters>true</AllowBlankFilters><AllowFocus>true</AllowFocus><FilterRowCondition>BeginsWith</FilterRowCondition><FilterRowEditorType>TextBox</FilterRowEditorType><FilteredFrom>None</FilteredFrom><GridValidationMode>None</GridValidationMode><HeaderText>Code</HeaderText><HorizontalHeaderContentAlignment>Center</HorizontalHeaderContentAlignment><MappingName>Code</MappingName><MaximumWidth>NaN</MaximumWidth><MinimumWidth>NaN</MinimumWidth><Width>NaN</Width><TextWrapping>NoWrap</TextWrapping></GridColumn><GridColumn i:type="GridTextColumn"><AllowBlankFilters>true</AllowBlankFilters><AllowFocus>true</AllowFocus><FilterRowCondition>BeginsWith</FilterRowCondition><FilterRowEditorType>TextBox</FilterRowEditorType><FilteredFrom>None</FilteredFrom><GridValidationMode>None</GridValidationMode><HeaderText>Désignation</HeaderText><HorizontalHeaderContentAlignment>Center</HorizontalHeaderContentAlignment><MappingName>Designation</MappingName><MaximumWidth>NaN</MaximumWidth><MinimumWidth>NaN</MinimumWidth><Width>NaN</Width><TextWrapping>NoWrap</TextWrapping></GridColumn><GridColumn i:type="GridNumericColumn"><AllowBlankFilters>true</AllowBlankFilters><AllowFocus>true</AllowFocus><FilterRowCondition>Equals</FilterRowCondition><FilterRowEditorType>Numeric</FilterRowEditorType><FilteredFrom>None</FilteredFrom><GridValidationMode>None</GridValidationMode><HeaderText>Stock Min</HeaderText><HorizontalHeaderContentAlignment>Center</HorizontalHeaderContentAlignment><MappingName>StockMinimum</MappingName><MaximumWidth>NaN</MaximumWidth><MinimumWidth>NaN</MinimumWidth><TextAlignment>Right</TextAlignment><Width>NaN</Width><MaxValue>79228162514264337593543950335</MaxValue><MinValue>-79228162514264337593543950335</MinValue><NullText/><NumberDecimalDigits>2</NumberDecimalDigits><NumberDecimalSeparator>.</NumberDecimalSeparator><NumberGroupSeparator>,</NumberGroupSeparator><NumberGroupSizes xmlns:a="http://schemas.microsoft.com/2003/10/Serialization/Arrays"><a:int>3</a:int></NumberGroupSizes><NumberNegativePattern>1</NumberNegativePattern></GridColumn><GridColumn i:type="GridNumericColumn"><AllowBlankFilters>true</AllowBlankFilters><AllowFocus>true</AllowFocus><FilterRowCondition>Equals</FilterRowCondition><FilterRowEditorType>Numeric</FilterRowEditorType><FilteredFrom>None</FilteredFrom><GridValidationMode>None</GridValidationMode><HeaderText>Stock Max</HeaderText><HorizontalHeaderContentAlignment>Center</HorizontalHeaderContentAlignment><MappingName>StockMaximum</MappingName><MaximumWidth>NaN</MaximumWidth><MinimumWidth>NaN</MinimumWidth><TextAlignment>Right</TextAlignment><Width>NaN</Width><MaxValue>79228162514264337593543950335</MaxValue><MinValue>-79228162514264337593543950335</MinValue><NullText/><NumberDecimalDigits>2</NumberDecimalDigits><NumberDecimalSeparator>.</NumberDecimalSeparator><NumberGroupSeparator>,</NumberGroupSeparator><NumberGroupSizes xmlns:a="http://schemas.microsoft.com/2003/10/Serialization/Arrays"><a:int>3</a:int></NumberGroupSizes><NumberNegativePattern>1</NumberNegativePattern></GridColumn><GridColumn i:type="GridNumericColumn"><AllowBlankFilters>true</AllowBlankFilters><AllowFocus>true</AllowFocus><FilterRowCondition>Equals</FilterRowCondition><FilterRowEditorType>Numeric</FilterRowEditorType><FilteredFrom>None</FilteredFrom><GridValidationMode>None</GridValidationMode><HeaderText>Stock Physique</HeaderText><HorizontalHeaderContentAlignment>Center</HorizontalHeaderContentAlignment><MappingName>QtePhysique</MappingName><MaximumWidth>NaN</MaximumWidth><MinimumWidth>NaN</MinimumWidth><TextAlignment>Right</TextAlignment><Width>NaN</Width><MaxValue>79228162514264337593543950335</MaxValue><MinValue>-79228162514264337593543950335</MinValue><NullText/><NumberDecimalDigits>2</NumberDecimalDigits><NumberDecimalSeparator>.</NumberDecimalSeparator><NumberGroupSeparator>,</NumberGroupSeparator><NumberGroupSizes xmlns:a="http://schemas.microsoft.com/2003/10/Serialization/Arrays"><a:int>3</a:int></NumberGroupSizes><NumberNegativePattern>1</NumberNegativePattern></GridColumn><GridColumn i:type="GridNumericColumn"><AllowBlankFilters>true</AllowBlankFilters><AllowFocus>true</AllowFocus><FilterRowCondition>Equals</FilterRowCondition><FilterRowEditorType>Numeric</FilterRowEditorType><FilteredFrom>None</FilteredFrom><GridValidationMode>None</GridValidationMode><HeaderText>Stock Comptable</HeaderText><HorizontalHeaderContentAlignment>Center</HorizontalHeaderContentAlignment><MappingName>QteComptable</MappingName><MaximumWidth>NaN</MaximumWidth><MinimumWidth>NaN</MinimumWidth><TextAlignment>Right</TextAlignment><Width>NaN</Width><MaxValue>79228162514264337593543950335</MaxValue><MinValue>-79228162514264337593543950335</MinValue><NullText/><NumberDecimalDigits>2</NumberDecimalDigits><NumberDecimalSeparator>.</NumberDecimalSeparator><NumberGroupSeparator>,</NumberGroupSeparator><NumberGroupSizes xmlns:a="http://schemas.microsoft.com/2003/10/Serialization/Arrays"><a:int>3</a:int></NumberGroupSizes><NumberNegativePattern>1</NumberNegativePattern></GridColumn><GridColumn i:type="GridTemplateColumn"><AllowBlankFilters>true</AllowBlankFilters><AllowFiltering>false</AllowFiltering><AllowFocus>true</AllowFocus><FilterRowCondition>BeginsWith</FilterRowCondition><FilterRowEditorType>TextBox</FilterRowEditorType><FilteredFrom>None</FilteredFrom><GridValidationMode>None</GridValidationMode><HeaderText/><HorizontalHeaderContentAlignment>Center</HorizontalHeaderContentAlignment><MappingName>edit</MappingName><MaximumWidth>NaN</MaximumWidth><MinimumWidth>NaN</MinimumWidth><Width>55</Width><HorizontalAlignment>Stretch</HorizontalAlignment><VerticalAlignment>Center</VerticalAlignment></GridColumn></Columns><CurrentCellBorderThickness xmlns:a="http://schemas.datacontract.org/2004/07/System.Windows"><a:Bottom>2</a:Bottom><a:Left>2</a:Left><a:Right>2</a:Right><a:Top>2</a:Top></CurrentCellBorderThickness><DataFetchSize>5</DataFetchSize><DetailsViewDefinition/><DetailsViewPadding xmlns:a="http://schemas.datacontract.org/2004/07/System.Windows"><a:Bottom>6</a:Bottom><a:Left>6</a:Left><a:Right>2</a:Right><a:Top>6</a:Top></DetailsViewPadding><EditTrigger>OnDoubleTap</EditTrigger><ExpanderColumnWidth>24</ExpanderColumnWidth><FilterSettings/><GridCopyOption>CopyData</GridCopyOption><GridPasteOption>PasteData</GridPasteOption><GridValidationMode>None</GridValidationMode><GroupColumnDescriptions/><GroupDropAreaText>Drag a column header here to group by that column</GroupDropAreaText><GroupSummaryRows/><HeaderRowHeight>24</HeaderRowHeight><IndentColumnWidth>24</IndentColumnWidth><LiveDataUpdateMode>AllowDataShaping</LiveDataUpdateMode><ReuseRowsOnItemssourceChange>true</ReuseRowsOnItemssourceChange><RowHeaderWidth>60</RowHeaderWidth><RowHeight>30</RowHeight><SelectionMode>Extended</SelectionMode><ShowColumnWhenGrouped>true</ShowColumnWhenGrouped><ShowRowHeader>true</ShowRowHeader><SortColumnDescriptions/><StackedHeaderRows/><TableSummaryRows/><UnBoundRows/></SfDataGrid>