<SfDataGrid xmlns="http://schemas.datacontract.org/2004/07/Syncfusion.UI.Xaml.Grid" xmlns:i="http://www.w3.org/2001/XMLSchema-instance"><AllowDraggingColumns>true</AllowDraggingColumns><AllowFiltering>true</AllowFiltering><AllowGrouping>true</AllowGrouping><AllowResizingColumns>true</AllowResizingColumns><AllowSort>true</AllowSort><ColumnSizer>Auto</ColumnSizer><Columns><GridColumn i:type="GridTemplateColumn"><AllowBlankFilters>true</AllowBlankFilters><AllowFocus>true</AllowFocus><FilterRowCondition>Equals</FilterRowCondition><FilterRowEditorType>TextBlock</FilterRowEditorType><FilteredFrom>None</FilteredFrom><GridValidationMode>None</GridValidationMode><HeaderText>Selected</HeaderText><HorizontalHeaderContentAlignment>Center</HorizontalHeaderContentAlignment><MappingName>Selected</MappingName><MaximumWidth>NaN</MaximumWidth><MinimumWidth>NaN</MinimumWidth><Width>30</Width><HorizontalAlignment>Center</HorizontalAlignment><VerticalAlignment>Center</VerticalAlignment></GridColumn><GridColumn i:type="GridTextColumn"><AllowBlankFilters>true</AllowBlankFilters><AllowFocus>true</AllowFocus><FilterRowCondition>BeginsWith</FilterRowCondition><FilterRowEditorType>TextBox</FilterRowEditorType><FilteredFrom>None</FilteredFrom><GridValidationMode>None</GridValidationMode><HeaderText>N° Piece</HeaderText><HorizontalHeaderContentAlignment>Center</HorizontalHeaderContentAlignment><MappingName>NumPiece</MappingName><MaximumWidth>NaN</MaximumWidth><MinimumWidth>NaN</MinimumWidth><Width>NaN</Width><TextWrapping>NoWrap</TextWrapping></GridColumn><GridColumn i:type="GridDateTimeColumn"><AllowBlankFilters>true</AllowBlankFilters><AllowFocus>true</AllowFocus><FilterRowCondition>Equals</FilterRowCondition><FilterRowEditorType>DateTime</FilterRowEditorType><FilteredFrom>None</FilteredFrom><GridValidationMode>None</GridValidationMode><HeaderText>Date</HeaderText><HorizontalHeaderContentAlignment>Center</HorizontalHeaderContentAlignment><MappingName>Date</MappingName><MaximumWidth>NaN</MaximumWidth><MinimumWidth>NaN</MinimumWidth><TextAlignment>Center</TextAlignment><Width>NaN</Width><AllowScrollingOnCircle>true</AllowScrollingOnCircle><CustomPattern/><DateTimeFormat xmlns:a="http://schemas.datacontract.org/2004/07/System.Globalization"><a:CultureID>1033</a:CultureID><a:abbreviatedDayNames i:nil="true" xmlns:b="http://schemas.microsoft.com/2003/10/Serialization/Arrays"/><a:abbreviatedMonthNames i:nil="true" xmlns:b="http://schemas.microsoft.com/2003/10/Serialization/Arrays"/><a:allLongDatePatterns xmlns:b="http://schemas.microsoft.com/2003/10/Serialization/Arrays"><b:string>dddd, MMMM d, yyyy</b:string><b:string>MMMM d, yyyy</b:string><b:string>dddd, d MMMM, yyyy</b:string><b:string>d MMMM, yyyy</b:string></a:allLongDatePatterns><a:allLongTimePatterns xmlns:b="http://schemas.microsoft.com/2003/10/Serialization/Arrays"><b:string>h:mm:ss tt</b:string><b:string>hh:mm:ss tt</b:string><b:string>H:mm:ss</b:string><b:string>HH:mm:ss</b:string></a:allLongTimePatterns><a:allShortDatePatterns xmlns:b="http://schemas.microsoft.com/2003/10/Serialization/Arrays"><b:string>M/d/yyyy</b:string><b:string>M/d/yy</b:string><b:string>MM/dd/yy</b:string><b:string>MM/dd/yyyy</b:string><b:string>yy/MM/dd</b:string><b:string>yyyy-MM-dd</b:string><b:string>dd-MMM-yy</b:string></a:allShortDatePatterns><a:allShortTimePatterns xmlns:b="http://schemas.microsoft.com/2003/10/Serialization/Arrays"><b:string>h:mm tt</b:string><b:string>hh:mm tt</b:string><b:string>H:mm</b:string><b:string>HH:mm</b:string></a:allShortTimePatterns><a:allYearMonthPatterns xmlns:b="http://schemas.microsoft.com/2003/10/Serialization/Arrays"><b:string>MMMM yyyy</b:string></a:allYearMonthPatterns><a:amDesignator>AM</a:amDesignator><a:bUseCalendarInfo>false</a:bUseCalendarInfo><a:calendar i:type="a:GregorianCalendar"><a:m_currentEraValue>-1</a:m_currentEraValue><a:m_isReadOnly>true</a:m_isReadOnly><a:twoDigitYearMax>-1</a:twoDigitYearMax><a:m_type>Localized</a:m_type></a:calendar><a:calendarWeekRule>0</a:calendarWeekRule><a:dateSeparator>/</a:dateSeparator><a:dateTimeOffsetPattern i:nil="true"/><a:dayNames i:nil="true" xmlns:b="http://schemas.microsoft.com/2003/10/Serialization/Arrays"/><a:firstDayOfWeek>0</a:firstDayOfWeek><a:formatFlags>NotInitialized</a:formatFlags><a:fullDateTimePattern i:nil="true"/><a:generalLongTimePattern>M/d/yyyy h:mm:ss tt</a:generalLongTimePattern><a:generalShortTimePattern i:nil="true"/><a:genitiveMonthNames i:nil="true" xmlns:b="http://schemas.microsoft.com/2003/10/Serialization/Arrays"/><a:leapYearMonthNames i:nil="true" xmlns:b="http://schemas.microsoft.com/2003/10/Serialization/Arrays"/><a:longDatePattern>dddd, MMMM d, yyyy</a:longDatePattern><a:longTimePattern>h:mm:ss tt</a:longTimePattern><a:m_abbrevEnglishEraNames i:nil="true" xmlns:b="http://schemas.microsoft.com/2003/10/Serialization/Arrays"/><a:m_abbrevEraNames i:nil="true" xmlns:b="http://schemas.microsoft.com/2003/10/Serialization/Arrays"/><a:m_dateWords i:nil="true" xmlns:b="http://schemas.microsoft.com/2003/10/Serialization/Arrays"/><a:m_eraNames i:nil="true" xmlns:b="http://schemas.microsoft.com/2003/10/Serialization/Arrays"/><a:m_genitiveAbbreviatedMonthNames i:nil="true" xmlns:b="http://schemas.microsoft.com/2003/10/Serialization/Arrays"/><a:m_isDefaultCalendar>false</a:m_isDefaultCalendar><a:m_isReadOnly>true</a:m_isReadOnly><a:m_name>en-US</a:m_name><a:m_superShortDayNames i:nil="true" xmlns:b="http://schemas.microsoft.com/2003/10/Serialization/Arrays"/><a:m_useUserOverride>true</a:m_useUserOverride><a:monthDayPattern i:nil="true"/><a:monthNames i:nil="true" xmlns:b="http://schemas.microsoft.com/2003/10/Serialization/Arrays"/><a:nDataItem>0</a:nDataItem><a:optionalCalendars xmlns:b="http://schemas.microsoft.com/2003/10/Serialization/Arrays"><b:int>1</b:int><b:int>2</b:int></a:optionalCalendars><a:pmDesignator>PM</a:pmDesignator><a:shortDatePattern>M/d/yyyy</a:shortDatePattern><a:shortTimePattern>h:mm tt</a:shortTimePattern><a:timeSeparator>:</a:timeSeparator><a:yearMonthPattern>MMMM yyyy</a:yearMonthPattern></DateTimeFormat><NullText/><Pattern>ShortDate</Pattern></GridColumn><GridColumn i:type="GridTextColumn"><AllowBlankFilters>true</AllowBlankFilters><AllowFocus>true</AllowFocus><FilterRowCondition>BeginsWith</FilterRowCondition><FilterRowEditorType>TextBox</FilterRowEditorType><FilteredFrom>None</FilteredFrom><GridValidationMode>None</GridValidationMode><HeaderText>Client</HeaderText><HorizontalHeaderContentAlignment>Center</HorizontalHeaderContentAlignment><MappingName>Client</MappingName><MaximumWidth>NaN</MaximumWidth><MinimumWidth>NaN</MinimumWidth><Width>NaN</Width><TextWrapping>NoWrap</TextWrapping></GridColumn><GridColumn i:type="GridTextColumn"><AllowBlankFilters>true</AllowBlankFilters><AllowFocus>true</AllowFocus><FilterRowCondition>BeginsWith</FilterRowCondition><FilterRowEditorType>TextBox</FilterRowEditorType><FilteredFrom>None</FilteredFrom><GridValidationMode>None</GridValidationMode><HeaderText>Téléphone</HeaderText><HorizontalHeaderContentAlignment>Center</HorizontalHeaderContentAlignment><MappingName>Telephone</MappingName><MaximumWidth>NaN</MaximumWidth><MinimumWidth>NaN</MinimumWidth><Width>NaN</Width><TextWrapping>NoWrap</TextWrapping></GridColumn><GridColumn i:type="GridTextColumn"><AllowBlankFilters>true</AllowBlankFilters><AllowFocus>true</AllowFocus><FilterRowCondition>BeginsWith</FilterRowCondition><FilterRowEditorType>TextBox</FilterRowEditorType><FilteredFrom>None</FilteredFrom><GridValidationMode>None</GridValidationMode><HeaderText>Societe</HeaderText><HorizontalHeaderContentAlignment>Center</HorizontalHeaderContentAlignment><MappingName>Societe</MappingName><MaximumWidth>NaN</MaximumWidth><MinimumWidth>NaN</MinimumWidth><Width>NaN</Width><TextWrapping>NoWrap</TextWrapping></GridColumn><GridColumn i:type="GridTextColumn"><AllowBlankFilters>true</AllowBlankFilters><AllowFocus>true</AllowFocus><FilterRowCondition>BeginsWith</FilterRowCondition><FilterRowEditorType>TextBox</FilterRowEditorType><FilteredFrom>None</FilteredFrom><GridValidationMode>None</GridValidationMode><HeaderText>Garant</HeaderText><HorizontalHeaderContentAlignment>Center</HorizontalHeaderContentAlignment><MappingName>Garant</MappingName><MaximumWidth>NaN</MaximumWidth><MinimumWidth>NaN</MinimumWidth><Width>NaN</Width><TextWrapping>NoWrap</TextWrapping></GridColumn><GridColumn i:type="GridNumericColumn"><AllowBlankFilters>true</AllowBlankFilters><AllowFocus>true</AllowFocus><FilterRowCondition>Equals</FilterRowCondition><FilterRowEditorType>Numeric</FilterRowEditorType><FilteredFrom>None</FilteredFrom><GridValidationMode>None</GridValidationMode><HeaderText>HT</HeaderText><HorizontalHeaderContentAlignment>Center</HorizontalHeaderContentAlignment><MappingName>HT</MappingName><MaximumWidth>NaN</MaximumWidth><MinimumWidth>NaN</MinimumWidth><TextAlignment>Right</TextAlignment><Width>NaN</Width><MaxValue>79228162514264337593543950335</MaxValue><MinValue>-79228162514264337593543950335</MinValue><NullText/><NumberDecimalDigits>2</NumberDecimalDigits><NumberDecimalSeparator>.</NumberDecimalSeparator><NumberGroupSeparator> </NumberGroupSeparator><NumberGroupSizes xmlns:a="http://schemas.microsoft.com/2003/10/Serialization/Arrays"><a:int>3</a:int></NumberGroupSizes><NumberNegativePattern>1</NumberNegativePattern></GridColumn><GridColumn i:type="GridNumericColumn"><AllowBlankFilters>true</AllowBlankFilters><AllowFocus>true</AllowFocus><FilterRowCondition>Equals</FilterRowCondition><FilterRowEditorType>Numeric</FilterRowEditorType><FilteredFrom>None</FilteredFrom><GridValidationMode>None</GridValidationMode><HeaderText>TVA</HeaderText><HorizontalHeaderContentAlignment>Center</HorizontalHeaderContentAlignment><MappingName>TVA</MappingName><MaximumWidth>NaN</MaximumWidth><MinimumWidth>NaN</MinimumWidth><TextAlignment>Right</TextAlignment><Width>NaN</Width><MaxValue>79228162514264337593543950335</MaxValue><MinValue>-79228162514264337593543950335</MinValue><NullText/><NumberDecimalDigits>2</NumberDecimalDigits><NumberDecimalSeparator>.</NumberDecimalSeparator><NumberGroupSeparator>,</NumberGroupSeparator><NumberGroupSizes xmlns:a="http://schemas.microsoft.com/2003/10/Serialization/Arrays"><a:int>3</a:int></NumberGroupSizes><NumberNegativePattern>1</NumberNegativePattern></GridColumn><GridColumn i:type="GridNumericColumn"><AllowBlankFilters>true</AllowBlankFilters><AllowFocus>true</AllowFocus><FilterRowCondition>Equals</FilterRowCondition><FilterRowEditorType>Numeric</FilterRowEditorType><FilteredFrom>None</FilteredFrom><GridValidationMode>None</GridValidationMode><HeaderText>TTC</HeaderText><HorizontalHeaderContentAlignment>Center</HorizontalHeaderContentAlignment><MappingName>TTC</MappingName><MaximumWidth>NaN</MaximumWidth><MinimumWidth>NaN</MinimumWidth><TextAlignment>Right</TextAlignment><Width>NaN</Width><MaxValue>79228162514264337593543950335</MaxValue><MinValue>-79228162514264337593543950335</MinValue><NullText/><NumberDecimalDigits>2</NumberDecimalDigits><NumberDecimalSeparator>.</NumberDecimalSeparator><NumberGroupSeparator> </NumberGroupSeparator><NumberGroupSizes xmlns:a="http://schemas.microsoft.com/2003/10/Serialization/Arrays"><a:int>3</a:int></NumberGroupSizes><NumberNegativePattern>1</NumberNegativePattern></GridColumn><GridColumn i:type="GridNumericColumn"><AllowBlankFilters>true</AllowBlankFilters><AllowFocus>true</AllowFocus><FilterRowCondition>Equals</FilterRowCondition><FilterRowEditorType>Numeric</FilterRowEditorType><FilteredFrom>None</FilteredFrom><GridValidationMode>None</GridValidationMode><HeaderText>Solde du</HeaderText><HorizontalHeaderContentAlignment>Center</HorizontalHeaderContentAlignment><MappingName>SoldeDu</MappingName><MaximumWidth>NaN</MaximumWidth><MinimumWidth>NaN</MinimumWidth><TextAlignment>Right</TextAlignment><Width>NaN</Width><MaxValue>79228162514264337593543950335</MaxValue><MinValue>-79228162514264337593543950335</MinValue><NullText/><NumberDecimalDigits>2</NumberDecimalDigits><NumberDecimalSeparator>.</NumberDecimalSeparator><NumberGroupSeparator>,</NumberGroupSeparator><NumberGroupSizes xmlns:a="http://schemas.microsoft.com/2003/10/Serialization/Arrays"><a:int>3</a:int></NumberGroupSizes><NumberNegativePattern>1</NumberNegativePattern></GridColumn><GridColumn i:type="GridTemplateColumn"><AllowBlankFilters>true</AllowBlankFilters><AllowFocus>true</AllowFocus><FilterRowCondition>BeginsWith</FilterRowCondition><FilterRowEditorType>TextBox</FilterRowEditorType><FilteredFrom>None</FilteredFrom><GridValidationMode>None</GridValidationMode><HeaderText>Statut</HeaderText><HorizontalHeaderContentAlignment>Center</HorizontalHeaderContentAlignment><MappingName>Statut</MappingName><MaximumWidth>NaN</MaximumWidth><MinimumWidth>NaN</MinimumWidth><TextAlignment>Center</TextAlignment><Width>130</Width><HorizontalAlignment>Stretch</HorizontalAlignment><VerticalAlignment>Center</VerticalAlignment></GridColumn><GridColumn i:type="GridTextColumn"><AllowBlankFilters>true</AllowBlankFilters><AllowFocus>true</AllowFocus><FilterRowCondition>BeginsWith</FilterRowCondition><FilterRowEditorType>TextBox</FilterRowEditorType><FilteredFrom>None</FilteredFrom><GridValidationMode>None</GridValidationMode><HeaderText>Bon de sortie</HeaderText><HorizontalHeaderContentAlignment>Center</HorizontalHeaderContentAlignment><MappingName>BonDeSortie</MappingName><MaximumWidth>NaN</MaximumWidth><MinimumWidth>NaN</MinimumWidth><Width>NaN</Width><TextWrapping>NoWrap</TextWrapping></GridColumn><GridColumn i:type="GridNumericColumn"><AllowBlankFilters>true</AllowBlankFilters><AllowFocus>true</AllowFocus><FilterRowCondition>Equals</FilterRowCondition><FilterRowEditorType>Numeric</FilterRowEditorType><FilteredFrom>None</FilteredFrom><GridValidationMode>None</GridValidationMode><HeaderText>Reste à fact.</HeaderText><HorizontalHeaderContentAlignment>Center</HorizontalHeaderContentAlignment><MappingName>ResteAFacture</MappingName><MaximumWidth>NaN</MaximumWidth><MinimumWidth>NaN</MinimumWidth><TextAlignment>Right</TextAlignment><Width>NaN</Width><MaxValue>79228162514264337593543950335</MaxValue><MinValue>-79228162514264337593543950335</MinValue><NullText/><NumberDecimalDigits>2</NumberDecimalDigits><NumberDecimalSeparator>.</NumberDecimalSeparator><NumberGroupSeparator>,</NumberGroupSeparator><NumberGroupSizes xmlns:a="http://schemas.microsoft.com/2003/10/Serialization/Arrays"><a:int>3</a:int></NumberGroupSizes><NumberNegativePattern>1</NumberNegativePattern></GridColumn><GridColumn i:type="GridTextColumn"><AllowBlankFilters>true</AllowBlankFilters><AllowFocus>true</AllowFocus><FilterRowCondition>BeginsWith</FilterRowCondition><FilterRowEditorType>TextBox</FilterRowEditorType><FilteredFrom>None</FilteredFrom><GridValidationMode>None</GridValidationMode><HeaderText>Observation</HeaderText><HorizontalHeaderContentAlignment>Center</HorizontalHeaderContentAlignment><MappingName>Observation</MappingName><MaximumWidth>NaN</MaximumWidth><MinimumWidth>NaN</MinimumWidth><Width>NaN</Width><TextWrapping>NoWrap</TextWrapping></GridColumn><GridColumn i:type="GridTemplateColumn"><AllowBlankFilters>true</AllowBlankFilters><AllowFiltering>false</AllowFiltering><AllowFocus>true</AllowFocus><FilterRowCondition>BeginsWith</FilterRowCondition><FilterRowEditorType>TextBox</FilterRowEditorType><FilteredFrom>None</FilteredFrom><GridValidationMode>None</GridValidationMode><HeaderText/><HorizontalHeaderContentAlignment>Center</HorizontalHeaderContentAlignment><MappingName>edit</MappingName><MaximumWidth>NaN</MaximumWidth><MinimumWidth>NaN</MinimumWidth><Width>55</Width><HorizontalAlignment>Stretch</HorizontalAlignment><VerticalAlignment>Center</VerticalAlignment></GridColumn></Columns><CurrentCellBorderThickness xmlns:a="http://schemas.datacontract.org/2004/07/System.Windows"><a:Bottom>2</a:Bottom><a:Left>2</a:Left><a:Right>2</a:Right><a:Top>2</a:Top></CurrentCellBorderThickness><DataFetchSize>5</DataFetchSize><DetailsViewDefinition/><DetailsViewPadding xmlns:a="http://schemas.datacontract.org/2004/07/System.Windows"><a:Bottom>6</a:Bottom><a:Left>6</a:Left><a:Right>2</a:Right><a:Top>6</a:Top></DetailsViewPadding><EditTrigger>OnDoubleTap</EditTrigger><ExpanderColumnWidth>24</ExpanderColumnWidth><FilterSettings/><GridCopyOption>CopyData</GridCopyOption><GridPasteOption>PasteData</GridPasteOption><GridValidationMode>None</GridValidationMode><GroupColumnDescriptions/><GroupDropAreaText>Drag a column header here to group by that column</GroupDropAreaText><GroupSummaryRows/><HeaderRowHeight>24</HeaderRowHeight><IndentColumnWidth>24</IndentColumnWidth><LiveDataUpdateMode>AllowDataShaping</LiveDataUpdateMode><ReuseRowsOnItemssourceChange>true</ReuseRowsOnItemssourceChange><RowHeaderWidth>60</RowHeaderWidth><RowHeight>30</RowHeight><SelectionMode>Extended</SelectionMode><ShowColumnWhenGrouped>true</ShowColumnWhenGrouped><ShowRowHeader>true</ShowRowHeader><SortColumnDescriptions/><StackedHeaderRows/><TableSummaryRows><GridTableSummaryRow><Name/><SummaryColumns><GridSummaryColumn><Format>{Count:d}</Format><MappingName>NumPiece</MappingName><Name>NbrPieces</Name></GridSummaryColumn><GridSummaryColumn><Format>{Sum:N}</Format><MappingName>HT</MappingName><Name>HT</Name><SummaryType>DoubleAggregate</SummaryType></GridSummaryColumn><GridSummaryColumn><Format>{Sum:N}</Format><MappingName>TVA</MappingName><Name>TVA</Name><SummaryType>DoubleAggregate</SummaryType></GridSummaryColumn><GridSummaryColumn><Format>{Sum:N}</Format><MappingName>TTC</MappingName><Name>TTC</Name><SummaryType>DoubleAggregate</SummaryType></GridSummaryColumn><GridSummaryColumn><Format>{Sum:N}</Format><MappingName>SoldeDu</MappingName><Name>SoldeDu</Name><SummaryType>DoubleAggregate</SummaryType></GridSummaryColumn></SummaryColumns><Title/></GridTableSummaryRow></TableSummaryRows><UnBoundRows/></SfDataGrid>